"doc_id","title","source_url","published_at","updated_at","date_status","date_evidence","question_category","sample_question","source_section","collection_method","chunking_notes","access_status","access_note","verified_on","verification_method","review_status","priority","review_notes","publisher","language","parent_source_url","parent_published_at","format_hint","discovery_id"
"YGPA-001","민원신청안내","https://www.ygpa.or.kr/hmpg/ygpa/mwse/onmw/mwgu/contPageDetail.do?conts_no=69ABE2DCEF294D449FCE2A530341F15D","","","not_displayed","열람한 공식 페이지의 최종업데이트 값이 비어 있고 발행일도 표시되지 않음.","민원 신청 자격·처리 절차","민원을 신청하려면 회원가입이 필요한가요?","신청자격·신청절차","공개 HTML의 제목·본문·단계 목록 수집; 연결된 로그인 화면은 제외","신청자격의 예외와 회원가입→작성→검토→완료 순서를 함께 보존. 메뉴의 다른 업무 절차를 섞지 않음.","web_readable","공식 URL의 공개 본문을 웹 열람 도구로 확인함. 사용자 PC의 HTTP 수집 성공 여부는 아직 시험하지 않음.","2026-09-23","공식 URL 웹 열람 도구 반환본 확인(캐시 포함 가능); 수집 코드 실행 전","candidate_review","first_batch","공개 안내 본문이 짧아 첫 HTML 수집 실습 대상으로 제안. 민원 대행이나 개인 신청 내용은 범위 밖.","여수광양항만공사","ko","","","html",""
"YGPA-002","항만시설 이용절차","https://www.ygpa.or.kr/hmpg/ygpa/mwse/pmis/pmpr/pm01/contPageDetail.do?conts_no=D7600AC6607F41F1B506538F6CD0870E","","","not_displayed","열람한 공식 페이지의 최종업데이트 값이 비어 있고 발행일도 표시되지 않음.","항만시설 사용 신청·선박 입출항 절차","외항선과 내항선의 항만시설 이용절차는 어떻게 다른가요?","외항선입출항수속·내항선입출항수속","공개 HTML과 흐름도 이미지의 대체텍스트 확보; 원본 이미지와 사람이 대조한 뒤 텍스트 확정","외항선·내항선을 별도 청크로 나누고 등록 여부·적하/양하 여부의 분기와 순서를 보존. 대체텍스트만 일렬로 이어 붙이지 않음.","web_readable","공식 URL의 공개 본문을 웹 열람 도구로 확인함. 사용자 PC의 HTTP 수집 성공 여부는 아직 시험하지 않음.","2026-09-23","공식 URL 웹 열람 도구 반환본 확인(캐시 포함 가능); 수집 코드 실행 전","image_review","supplementary","내항선 대체텍스트에 외항선출항보고 표현이 포함돼 있음. 원본 그림을 대조하기 전 절차 답변용 색인 등록 보류.","여수광양항만공사","ko","","","html",""
"YGPA-003","증명서발급절차안내","https://www.ygpa.or.kr/hmpg/ygpa/mwse/pfor/pmgu/contPageDetail.do?conts_no=F0065097172F4BB0AFE9967F38A39F6D","","","not_displayed","열람한 공식 페이지의 최종업데이트 값이 비어 있고 발행일도 표시되지 않음.","실적증명서 신청 자격·발급·인쇄","실적증명서는 누가 신청하고 어떤 순서로 발급받나요?","신청자격현황·신청절차","공개 HTML의 자격 안내와 단계별 목록 수집","업체회원 조건을 전체 절차와 연결. 승인·불허와 인쇄 프로그램 안내를 각 단계에 붙여 보존.","web_readable","공식 URL의 공개 본문을 웹 열람 도구로 확인함. 사용자 PC의 HTTP 수집 성공 여부는 아직 시험하지 않음.","2026-09-23","공식 URL 웹 열람 도구 반환본 확인(캐시 포함 가능); 수집 코드 실행 전","candidate_review","first_batch","신청 목록과는 별도 문서. 실제 로그인·신청·출력 프로그램 설치는 실행하지 않음.","여수광양항만공사","ko","","","html",""
"YGPA-004","실적증명서 발급신청 — 공개 증명서 종류","https://www.ygpa.or.kr/hmpg/ygpa/mwse/pfor/prfm/prfmRegistList.do","","","conflicting","동일 URL의 검색 결과는 최종업데이트 2025-09-19, 원문 열람 반환본은 2026-08-18로 표시. 현행 날짜를 확정하지 않아 updated_at은 비워 둠.","발급 가능한 실적증명서 종류","어떤 종류의 실적증명서를 신청할 수 있나요?","신청하기·공개 증명서 목록","공개 HTML에서 증명서 이름과 공식 신청 링크만 수집; 신청결과·로그인 이후 자료 제외","증명서 이름과 해당 링크를 한 항목으로 유지. 서식별 요구조건을 이름만 보고 추정하지 않음.","web_readable","공식 URL의 공개 본문을 웹 열람 도구로 확인함. 사용자 PC의 HTTP 수집 성공 여부는 아직 시험하지 않음.","2026-09-23","공식 URL 웹 열람 도구 반환본 확인(캐시 포함 가능); 수집 코드 실행 전","date_recheck","supplementary","열람 반환본에는 10개 증명서 항목이 보이나 검색 결과에는 일부만 표시됨. 검색 요약을 문서 본문으로 사용하지 않음.","여수광양항만공사","ko","","","html",""
"YGPA-005","체육시설 예약 — 소개","https://www.ygpa.or.kr/hmpg/ygpa/comu/resv/faci/contPageDetail.do?conts_no=553FFE81A6344CD4987BD450219FDFF8","","","not_displayed","열람한 공식 페이지의 최종업데이트 값이 비어 있고 발행일도 표시되지 않음.","체육시설 이용시간·요금·예약 기한·유의사항","축구장과 테니스장은 언제 이용하고 어떻게 예약하나요?","시설개요·이용시간·시설 사용료·이용 시 유의사항·사용문의","공개 HTML 본문과 표를 구조 보존 방식으로 수집; 신청서 첨부는 별도 검증","시설·계절·주야간·평일/주말·시간/코트 기준을 표 머리글과 함께 보존. 신청기한과 우천 제한을 관련 청크에 포함.","web_readable","공식 URL의 공개 본문을 웹 열람 도구로 확인함. 사용자 PC의 HTTP 수집 성공 여부는 아직 시험하지 않음.","2026-09-23","공식 URL 웹 열람 도구 반환본 확인(캐시 포함 가능); 수집 코드 실행 전","candidate_review","first_batch","먼저 소개 본문을 수집하고 YGPA-006의 예약 한도 안내를 함께 대조. 첨부파일 내부는 이번 단계에서 확인하지 않음.","여수광양항만공사","ko","","","html",""
"YGPA-006","체육시설 예약 — 예약하기의 공개 이용 제한","https://www.ygpa.or.kr/hmpg/ygpa/comu/resv/faci/rsvtCalendar.do","","","not_displayed","열람한 공식 페이지의 최종업데이트 값이 비어 있고 발행일도 표시되지 않음.","체육시설 계정별 예약 한도","한 계정으로 하루에 몇 시간, 몇 코트를 예약할 수 있나요?","달력 위의 계정별 예약 제한 문구","공개 HTML 또는 브라우저에서 고정 제한 문구만 수집; 달력·잔여 슬롯·예약내역 제외","하루·계정·시간·코트 수·중복예약 조건을 한 청크에 유지. 동적 예약 가능 상태를 정적 안내와 분리.","web_readable","공식 URL의 공개 본문을 웹 열람 도구로 확인함. 사용자 PC의 HTTP 수집 성공 여부는 아직 시험하지 않음.","2026-09-23","공식 URL 웹 열람 도구 반환본 확인(캐시 포함 가능); 수집 코드 실행 전","static_fragment_only","first_batch","이 후보는 공개된 고정 이용 제한만 대상으로 함. 해당 페이지가 열렸다는 사실은 현재 예약 가능한 날짜가 있다는 의미가 아님.","여수광양항만공사","ko","","","html",""
"YGPA-007","홍보관 예약 — 소개","https://www.ygpa.or.kr/hmpg/ygpa/comu/resv/prom/contPageDetail.do?conts_no=4A2880C709E0433B90ED90AEF01D0337","","","not_displayed","열람한 공식 페이지의 최종업데이트 값이 비어 있고 발행일도 표시되지 않음.","홍보관 견학 예약·시간·인원·위치","홍보관을 관람하려면 어떻게 예약해야 하나요?","상단 예약 제한 공지·홍보관 예약·관람일시·예약인원","공개 HTML 본문과 상단 임시 공지를 함께 수집","예약 제한 공지를 모든 예약 관련 청크의 조건으로 연결. 운영시간·휴관일·관람 인원은 분리로 의미가 바뀌지 않게 유지.","web_readable","공식 URL의 공개 본문을 웹 열람 도구로 확인함. 사용자 PC의 HTTP 수집 성공 여부는 아직 시험하지 않음.","2026-09-23","공식 URL 웹 열람 도구 반환본 확인(캐시 포함 가능); 수집 코드 실행 전","current_notice_and_conflict","supplementary","열람본에 자원안보 경보에 따른 예약 제한 안내가 있음. 메인 화면의 09:00~17:00과 상세 안내의 10:00~16:00이 달라 운영시간을 임의로 확정하지 않음.","여수광양항만공사","ko","","","html",""
"YGPA-008","항만안내선 예약 — 소개","https://www.ygpa.or.kr/hmpg/ygpa/comu/resv/ship/contPageDetail.do?conts_no=7AFB90C77B4F45B0A0ED114D46DD1E6E","","","not_displayed","열람한 공식 페이지의 최종업데이트 값이 비어 있고 발행일도 표시되지 않음.","해상 견학 일정·대상·정원·승선 절차","항만안내선을 견학할 때 인원과 승선 조건은 무엇인가요?","상단 예약 제한 공지·예약 안내·견학 안내","공개 HTML의 임시 공지·예약 조건·승선 절차 수집","최소/최대 인원, 미취학 아동 보호자 조건, 집결·지각·기상 취소 조건을 유지. 승선정원과 승무원 포함 여부를 혼동하지 않음.","web_readable","공식 URL의 공개 본문을 웹 열람 도구로 확인함. 사용자 PC의 HTTP 수집 성공 여부는 아직 시험하지 않음.","2026-09-23","공식 URL 웹 열람 도구 반환본 확인(캐시 포함 가능); 수집 코드 실행 전","current_notice_review","supplementary","열람본에 예약 제한 공지가 있으므로 평소 운항 일정만으로 현재 예약 가능하다고 답하면 안 됨. 주소·문의처 표기 차이는 원문 재확인 대상으로 남김.","여수광양항만공사","ko","","","html",""
"YGPA-009","여수연안여객선터미널","https://www.ygpa.or.kr/hmpg/ygpa/port/term/cstt/contPageDetail.do?conts_no=CB334C8DFB0A48E3AF20234346EA74AB","","2026-08-18","page_updated","공식 페이지 하단 최종업데이트에 2026-08-18 표시. 개별 노선 시간표의 시행일을 의미하지는 않음.","터미널 위치·연락처·운항 확인 경로","여수연안여객선터미널의 위치와 운항 확인 방법을 알려주세요.","여객선정보 안내·터미널 선사 및 운항 정보·터미널 정보","공개 HTML의 위치·문의처·운항 확인 안내 수집; 시간표는 초기 색인 대상에서 분리","선사·목적지·계절·휴업/휴항 주석을 행과 연결. 시간표의 병합 셀을 평탄화할 때 선박 간 정보가 섞이지 않게 처리.","web_readable","공식 URL의 공개 본문을 웹 열람 도구로 확인함. 사용자 PC의 HTTP 수집 성공 여부는 아직 시험하지 않음.","2026-09-23","공식 URL 웹 열람 도구 반환본 확인(캐시 포함 가능); 수집 코드 실행 전","timetable_review","supplementary","시간표에는 비정상 시각 표기(13:000)와 휴업 주석이 있어 시각을 자동 보정하지 않음. 실시간 운항은 공식 확인 경로로 안내.","여수광양항만공사","ko","","","html",""
"YGPA-010","여수엑스포여객선터미널","https://www.ygpa.or.kr/hmpg/ygpa/port/term/expt/contPageDetail.do?conts_no=6798493037AB4EF8BA1986B003049BC4","","","not_displayed","열람한 공식 페이지의 최종업데이트 값이 비어 있고 발행일도 표시되지 않음.","터미널 위치·연락처·운항 정보 연결","여수엑스포여객선터미널은 어디이고 어디로 문의하나요?","여객선정보 안내·오시는 길·터미널 정보","공개 HTML의 주소·연락처·공식 운항정보 연결 안내 수집","터미널 이름과 주소·연락처를 같은 청크에 유지. 지도 이미지에서 확인하지 않은 길찾기 정보를 만들어 넣지 않음.","web_readable","공식 URL의 공개 본문을 웹 열람 도구로 확인함. 사용자 PC의 HTTP 수집 성공 여부는 아직 시험하지 않음.","2026-09-23","공식 URL 웹 열람 도구 반환본 확인(캐시 포함 가능); 수집 코드 실행 전","candidate_review","first_batch","여수연안여객선터미널과 다른 시설임을 명시. 연결된 외부 서비스의 실시간 정보는 이 문서의 고정 본문으로 수집하지 않음.","여수광양항만공사","ko","","","html",""
"YGPA-011","여수항 시설현황 — 총괄","https://www.ygpa.or.kr/hmpg/ygpa/port/yspt/faci/fa01/contPageDetail.do?conts_no=4140BB39301345688AC8FC546543B8FC","","","not_displayed","열람한 공식 페이지의 최종업데이트 값이 비어 있고 발행일도 표시되지 않음.","여수항 부두 종류·위치별 시설 제원","여수항에는 어떤 부두가 있고 시설 규모는 어떻게 되나요?","여수지역 부두별 시설현황 표","공개 HTML 표의 머리글·병합 셀·단위를 보존해 수집","부두·선석 단위로 나누고 길이·수심·접안능력을 열 이름과 연결. GT와 DWT를 구분하고 빈 칸·대시는 0으로 변환하지 않음.","web_readable","공식 URL의 공개 본문을 웹 열람 도구로 확인함. 사용자 PC의 HTTP 수집 성공 여부는 아직 시험하지 않음.","2026-09-23","공식 URL 웹 열람 도구 반환본 확인(캐시 포함 가능); 수집 코드 실행 전","candidate_review","supplementary","시설 제원은 항만시설 사용허가나 실제 접안 가능 여부를 보장하지 않음. 표의 소계와 개별 부두 범위를 임의로 합치지 않음.","여수광양항만공사","ko","","","html",""
"YGPA-012","광양항 광양지역 시설현황 — 총괄","https://www.ygpa.or.kr/hmpg/ygpa/port/gypt/faci/gygy/fa51/contPageDetail.do?conts_no=4250BDB752384A788FE0E2C8E60E154A","","","not_displayed","열람한 공식 페이지의 최종업데이트 값이 비어 있고 발행일도 표시되지 않음.","광양지역 부두별 시설·취급화물","광양지역 부두는 어떤 화물을 취급하나요?","광양항(광양지역) 부두별 제원·취급화물 표와 하단 주석","공개 HTML 표 수집 후 시설명·선석·단위·계획 상태 대조","예정인 자동화부두와 운영 시설을 구분. 천톤/년과 TEU/년을 보존하고 합계 제외 주석을 관련 표 청크에 부착.","web_readable","공식 URL의 공개 본문을 웹 열람 도구로 확인함. 사용자 PC의 HTTP 수집 성공 여부는 아직 시험하지 않음.","2026-09-23","공식 URL 웹 열람 도구 반환본 확인(캐시 포함 가능); 수집 코드 실행 전","content_conflict","supplementary","하포일반부두의 선석 범위가 총괄에서는 1~3, 상세 YGPA-016에서는 1~4로 다름. 갱신일로 우선순위를 정할 수 없어 해당 사실은 검토 후 사용.","여수광양항만공사","ko","","","html",""
"YGPA-013","광양항 여천지역 시설현황 — 총괄","https://www.ygpa.or.kr/hmpg/ygpa/port/gypt/faci/gyyc/fa01/contPageDetail.do?conts_no=A2100D9CE1294A4BB0A5CBEF440F5D27","","","not_displayed","열람한 공식 페이지의 최종업데이트 값이 비어 있고 발행일도 표시되지 않음.","여천지역 부두·취급화물·접안능력","여천지역의 부두별 취급화물과 제원은 무엇인가요?","광양항(여천지역) 부두별 시설현황 표·산정 제외 주석","공개 HTML 표 수집; 복합 머리글과 행 병합을 원문 표와 대조","부두명이 생략된 다음 행에 상위 부두명을 명시적으로 이어 붙임. 수심·접안능력·하역능력 열을 정렬하고 기타 접안시설 제외 주석 유지.","web_readable","공식 URL의 공개 본문을 웹 열람 도구로 확인함. 사용자 PC의 HTTP 수집 성공 여부는 아직 시험하지 않음.","2026-09-23","공식 URL 웹 열람 도구 반환본 확인(캐시 포함 가능); 수집 코드 실행 전","table_review","supplementary","반환 텍스트에서 최저·수심 머리글이 분리되어 열 대응이 어긋날 수 있음. HTML 구조 기반 추출 후 숫자 표본 대조 필요.","여수광양항만공사","ko","","","html",""
"YGPA-014","광양항 컨테이너 부두 — 소개","https://www.ygpa.or.kr/hmpg/ygpa/port/gypt/faci/gygy/fa53/contPageDetail.do?conts_no=B8FF3486A2D04D1985A4528F38B03D86","","","not_displayed","열람한 공식 페이지의 최종업데이트 값이 비어 있고 발행일도 표시되지 않음.","컨테이너부두 운영사·위치·시설 제원","광양항 컨테이너부두의 운영사와 선석별 규모는 무엇인가요?","부두 정보·부두 제원 및 이용 현황","공개 HTML 본문·표 수집 후 단위 및 하단 별도 절 검토","KIT/GWCT별 선석 행과 위치·운영사를 연결. 표 제목의 일반 단위보다 해당 열·셀의 TEU 표기를 보존하고 DWT로 바꾸지 않음.","web_readable","공식 URL의 공개 본문을 웹 열람 도구로 확인함. 사용자 PC의 HTTP 수집 성공 여부는 아직 시험하지 않음.","2026-09-23","공식 URL 웹 열람 도구 반환본 확인(캐시 포함 가능); 수집 코드 실행 전","section_scope_review","supplementary","하단에 별도 시설로 보이는 1단계 4번선석 해양산업클러스터 설명이 반복됨. 적용 범위 확인 전 해당 절을 컨테이너부두 제원에 합치지 않음.","여수광양항만공사","ko","","","html",""
"YGPA-015","광양항 자동차 부두 — 소개","https://www.ygpa.or.kr/hmpg/ygpa/port/gypt/faci/gygy/fa54/contPageDetail.do?conts_no=C29A3AE99AA9481ABDA8265417F4D8A6","","","not_displayed","열람한 공식 페이지의 최종업데이트 값이 비어 있고 발행일도 표시되지 않음.","자동차부두 운영사·취급화물·시설 제원","광양항 자동차부두의 위치와 운영사는 어디인가요?","부두 정보·부두 제원 및 이용 현황","공개 HTML 본문과 시설 제원 표 수집","운영사·관리자·위치를 구분하고 선석 5~8의 접안능력 구성과 합산 단위를 유지. 건설기간을 게시일로 사용하지 않음.","web_readable","공식 URL의 공개 본문을 웹 열람 도구로 확인함. 사용자 PC의 HTTP 수집 성공 여부는 아직 시험하지 않음.","2026-09-23","공식 URL 웹 열람 도구 반환본 확인(캐시 포함 가능); 수집 코드 실행 전","candidate_review","supplementary","상세 시설 소개 자료로 사용. 예약·사용료·허가 조건은 이 페이지에 없는 경우 별도 근거 필요.","여수광양항만공사","ko","","","html",""
"YGPA-016","광양항 하포일반부두 — 소개","https://www.ygpa.or.kr/hmpg/ygpa/port/gypt/faci/gygy/fa52/contPageDetail.do?conts_no=15A91FC057B940AE98868B4EB943CF89","","","not_displayed","열람한 공식 페이지의 최종업데이트 값이 비어 있고 발행일도 표시되지 않음.","하포일반부두 운영·위치·이용현황","하포일반부두의 운영사와 시설 이용현황은 무엇인가요?","부두 정보·부두 제원 및 이용 현황·1단계 4번선석","공개 HTML 본문·표 수집; YGPA-012 총괄표와 대조","일반부두 제원과 4번선석 클러스터 개발 설명을 나누되 상호 연결. 개발 중이라는 조건을 제거하지 않음.","web_readable","공식 URL의 공개 본문을 웹 열람 도구로 확인함. 사용자 PC의 HTTP 수집 성공 여부는 아직 시험하지 않음.","2026-09-23","공식 URL 웹 열람 도구 반환본 확인(캐시 포함 가능); 수집 코드 실행 전","content_conflict","supplementary","총괄표와 선석 범위·하역능력 집계 범위가 다름. 오래된 고시일은 페이지 갱신일이 아니며 최신 제원을 임의로 선택하지 않음.","여수광양항만공사","ko","","","html",""
"YGPA-017","광양항 항만관련부지","https://www.ygpa.or.kr/hmpg/ygpa/port/gypt/ptsi/pt01/contPageDetail.do?conts_no=8D6C358F52C648CCA956DD97DD0F234C","","","not_displayed","열람한 공식 페이지의 최종업데이트 값이 비어 있고 발행일도 표시되지 않음.","공컨테이너 장치장 조성 목적·블록별 면적","광양항 항만관련부지는 어떤 용도이고 규모는 어느 정도인가요?","조성배경·조성기간·조성현황","공개 HTML 본문·블록별 면적 표 수집","조성 단계의 날짜와 문서 날짜를 분리. 블록 번호·면적·㎡ 단위를 함께 유지하고 전체 합계를 각 블록 값으로 반복하지 않음.","web_readable","공식 URL의 공개 본문을 웹 열람 도구로 확인함. 사용자 PC의 HTTP 수집 성공 여부는 아직 시험하지 않음.","2026-09-23","공식 URL 웹 열람 도구 반환본 확인(캐시 포함 가능); 수집 코드 실행 전","candidate_review","supplementary","조성 현황 안내로 한정. 현재 임대 가능 부지·임대료·신청 자격은 이 페이지에서 추정하지 않음.","여수광양항만공사","ko","","","html",""
"YGPA-018","광양항 철송장","https://www.ygpa.or.kr/hmpg/ygpa/port/gypt/ptsi/pt02/contPageDetail.do?conts_no=2923C709A80A4FCAA35FA45386437F88","","","not_displayed","열람한 공식 페이지의 최종업데이트 값이 비어 있고 발행일도 표시되지 않음.","동측·서측 철송장 위치별 시설·하역능력","광양항 동측과 서측 철송장의 시설은 어떻게 다른가요?","동측철송장 현황·서측철송장 현황","공개 HTML의 동측·서측별 제목과 항목 목록 수집","동측·서측을 별도 청크로 분리하고 선로 수·길이·면적·천TEU 단위를 유지. 준공일을 발행일로 채우지 않음.","web_readable","공식 URL의 공개 본문을 웹 열람 도구로 확인함. 사용자 PC의 HTTP 수집 성공 여부는 아직 시험하지 않음.","2026-09-23","공식 URL 웹 열람 도구 반환본 확인(캐시 포함 가능); 수집 코드 실행 전","candidate_review","supplementary","현재 철도 운행시간이나 이용 신청절차까지 제공하는 문서로 해석하지 않음.","여수광양항만공사","ko","","","html",""
"YGPA-019","광양항 배후단지 입주지원 — 입주희망","https://www.ygpa.or.kr/hmpg/ygpa/port/gybe/mvsu/ms02/contPageDetail.do?conts_no=2F7614BF09354B08B5BB759D3D7788F6","","","not_displayed","열람한 공식 페이지의 최종업데이트 값이 비어 있고 발행일도 표시되지 않음.","배후단지 입주 자격·선정 절차·지원 안내","광양항 배후단지 입주 신청은 어떤 순서로 진행되나요?","입주자격·신청절차·임대료 감면제도","공개 HTML의 자격·절차·지원 안내 수집; 개별 모집 공고와 현행 조건은 후속 확인","신청 절차의 순서를 유지하고 투자금액·기간·감면율의 대응 조건을 통째로 보존. 종합 지원 페이지의 중복 본문은 다시 색인하지 않음.","web_readable","공식 URL의 공개 본문을 웹 열람 도구로 확인함. 사용자 PC의 HTTP 수집 성공 여부는 아직 시험하지 않음.","2026-09-23","공식 URL 웹 열람 도구 반환본 확인(캐시 포함 가능); 수집 코드 실행 전","current_rules_review","supplementary","입주자격과 감면 내용은 현행 공고·규정과 대조하기 전 적용 여부를 확정하지 않음. 본문 오탈자를 임의의 법률 해석으로 보정하지 않음.","여수광양항만공사","ko","","","html",""
"YGPA-020","광양항 배후단지 입주지원 — 입주준비","https://www.ygpa.or.kr/hmpg/ygpa/port/gybe/mvsu/ms03/contPageDetail.do?conts_no=B47765FC88524CC7A2451671573FBAD7","","","not_displayed","열람한 공식 페이지의 최종업데이트 값이 비어 있고 발행일도 표시되지 않음.","배후단지 입주계약 제출 서류·대상별 조건","광양항 배후단지 입주계약에는 어떤 서류를 준비하나요?","입주준비·제출 서류","공개 HTML의 제출서류 목록 수집; 연결된 입주계약 안내서는 별도 다운로드·개정 확인 후 등록","서류명과 제출 대상 주석을 하나의 항목으로 유지. 외국인 투자기업 조건을 모든 신청자의 공통 필수조건으로 바꾸지 않음.","web_readable","공식 URL의 공개 본문을 웹 열람 도구로 확인함. 사용자 PC의 HTTP 수집 성공 여부는 아직 시험하지 않음.","2026-09-23","공식 URL 웹 열람 도구 반환본 확인(캐시 포함 가능); 수집 코드 실행 전","attachment_and_rules_review","supplementary","공개 HTML에서 서류 목록을 확인했으며 첨부 안내서 내부는 미검증. 현행 모집 공고와 서식 개정 여부 확인 필요.","여수광양항만공사","ko","","","html",""
"YGPA-021","더드림스마트센터 이용 신청서","https://www.ygpa.or.kr/hmpg/comm/file/fileDownLoad.do?file_no=FILE_000000000020472","","","unverified_attachment","부모 게시글 작성일 2021-06-28만 확인. 첨부 자체의 발행·개정일은 미검증이며 게시글 날짜를 대입하지 않음.","시설 이용 신청","더드림스마트센터 이용 신청에는 어떤 서식이 필요한가요?","민원서식자료실 게시글의 첨부파일","확인한 첨부 URL만 GET 수집; 파일 시그니처로 HWP 확인 후 HWP 전용 추출·표 대조","시설명·이용 목적·이용일시·신청 조건을 같은 신청 단위로 보존. 빈 칸을 실제 예약정보로 해석하지 않음.","attachment_link_verified","부모 게시글 상세 HTML에서 첨부 파일명·직접 링크 확인. 첨부 GET 다운로드·본문은 아직 미검증.","2026-09-27","1단계 탐색 보고서의 공식 부모 페이지 및 첨부 링크 확인 기록. 첨부 본문 검증 아님.","attachment_and_rules_review","extension_first_batch","수집 대상 후보 등록이며 검색 승인 아님. 부모 게시글은 2021-06-28 작성으로 현행 서식 여부 재확인 필요. 첨부 확보 후 내용 중복·표·조건 검토. index_approved=false 유지.","여수광양항만공사","ko","https://www.ygpa.or.kr/hmpg/ygpa/mwse/onmw/mwfm/bordContDetail.do?mode=W&bbs_no=211&pst_no=BBS_211_000000000000000000000026","2021-06-28","hwp","탐색-01"
"YGPA-022","출입증분실경위서","https://www.ygpa.or.kr/hmpg/comm/file/fileDownLoad.do?file_no=FILE_000000000002083","","","unverified_attachment","부모 게시글 작성일 2015-02-11만 확인. 첨부 자체의 발행·개정일은 미검증이며 게시글 날짜를 대입하지 않음.","시설 사용·출입 신청","항만 출입증을 분실하거나 훼손했을 때 사용하는 서식은 무엇인가요?","민원서식자료실 게시글의 첨부파일","확인한 첨부 URL만 GET 수집; 파일 시그니처로 HWP 확인 후 HWP 전용 추출·표 대조","분실·훼손 구분, 경위 작성 항목, 신청 주체와 서명란 관계를 보존. 개인이 작성한 내용은 수집 대상 아님.","attachment_link_verified","부모 게시글 상세 HTML에서 첨부 파일명·직접 링크 확인. 첨부 GET 다운로드·본문은 아직 미검증.","2026-09-27","1단계 탐색 보고서의 공식 부모 페이지 및 첨부 링크 확인 기록. 첨부 본문 검증 아님.","attachment_and_rules_review","extension_next_batch","수집 대상 후보 등록이며 검색 승인 아님. 부모 게시글은 2015-02-11 작성으로 현행 서식 여부 재확인 필요. 첨부 확보 후 내용 중복·표·조건 검토. index_approved=false 유지.","여수광양항만공사","ko","https://www.ygpa.or.kr/hmpg/ygpa/mwse/onmw/mwfm/bordContDetail.do?mode=W&bbs_no=211&pst_no=BBS_211_000000000000000000000018","2015-02-11","hwp","탐색-09"
"YGPA-023","항만시설출입업체등록신청서","https://www.ygpa.or.kr/hmpg/comm/file/fileDownLoad.do?file_no=FILE_000000000007123","","","unverified_attachment","부모 게시글 작성일 2015-02-11만 확인. 첨부 자체의 발행·개정일은 미검증이며 게시글 날짜를 대입하지 않음.","시설 사용·출입 신청","항만시설에 출입할 업체를 등록할 때 어떤 서식을 사용하나요?","민원서식자료실 게시글의 첨부파일","확인한 첨부 URL만 GET 수집; 파일 시그니처로 HWP 확인 후 HWP 전용 추출·표 대조","업체 정보와 담당자 정보, 첨부서류·서약 조건을 분리해 표 머리글과 함께 보존. 작성 예시를 본 서식과 중복 계산하지 않음.","attachment_link_verified","부모 게시글 상세 HTML에서 첨부 파일명·직접 링크 확인. 첨부 GET 다운로드·본문은 아직 미검증.","2026-09-27","1단계 탐색 보고서의 공식 부모 페이지 및 첨부 링크 확인 기록. 첨부 본문 검증 아님.","attachment_and_rules_review","extension_next_batch","수집 대상 후보 등록이며 검색 승인 아님. 부모 게시글은 2015-02-11 작성으로 현행 서식 여부 재확인 필요. 첨부 확보 후 내용 중복·표·조건 검토. index_approved=false 유지.","여수광양항만공사","ko","https://www.ygpa.or.kr/hmpg/ygpa/mwse/onmw/mwfm/bordContDetail.do?mode=W&bbs_no=211&pst_no=BBS_211_000000000000000000000015","2015-02-11","hwp","탐색-10"
"YGPA-024","항만 상시출입증 기간연장 신청서","https://www.ygpa.or.kr/hmpg/comm/file/fileDownLoad.do?file_no=FILE_000000000008393","","","unverified_attachment","부모 게시글 작성일 2016-03-28만 확인. 첨부 자체의 발행·개정일은 미검증이며 게시글 날짜를 대입하지 않음.","시설 사용·출입 신청","항만 상시출입증의 기간을 연장할 때 필요한 서식은 무엇인가요?","민원서식자료실 게시글의 첨부파일","확인한 첨부 URL만 GET 수집; 파일 시그니처로 HWP 확인 후 HWP 전용 추출·표 대조","연장 대상·기존 유효기간·신청기간·제출조건의 관계를 보존. 최초 발급과 연장 신청을 혼동하지 않음.","attachment_link_verified","부모 게시글 상세 HTML에서 첨부 파일명·직접 링크 확인. 첨부 GET 다운로드·본문은 아직 미검증.","2026-09-27","1단계 탐색 보고서의 공식 부모 페이지 및 첨부 링크 확인 기록. 첨부 본문 검증 아님.","attachment_and_rules_review","extension_next_batch","수집 대상 후보 등록이며 검색 승인 아님. 부모 게시글은 2016-03-28 작성으로 현행 서식 여부 재확인 필요. 첨부 확보 후 내용 중복·표·조건 검토. index_approved=false 유지.","여수광양항만공사","ko","https://www.ygpa.or.kr/hmpg/ygpa/mwse/onmw/mwfm/bordContDetail.do?mode=W&bbs_no=211&pst_no=BBS_211_000000000000000000000023","2016-03-28","hwp","탐색-11"
"YGPA-025","항만상시출입증발급신청서","https://www.ygpa.or.kr/hmpg/comm/file/fileDownLoad.do?file_no=FILE_000000000007140","","","unverified_attachment","부모 게시글 작성일 2015-02-11만 확인. 첨부 자체의 발행·개정일은 미검증이며 게시글 날짜를 대입하지 않음.","시설 사용·출입 신청","항만 상시출입증 신규 발급에는 어떤 신청서를 쓰나요?","민원서식자료실 게시글의 첨부파일","확인한 첨부 URL만 GET 수집; 파일 시그니처로 HWP 확인 후 HWP 전용 추출·표 대조","출입 대상·출입 구역·신청 주체·구비서류를 관련 항목과 함께 보존. 기간연장 서식과 구분.","attachment_link_verified","부모 게시글 상세 HTML에서 첨부 파일명·직접 링크 확인. 첨부 GET 다운로드·본문은 아직 미검증.","2026-09-27","1단계 탐색 보고서의 공식 부모 페이지 및 첨부 링크 확인 기록. 첨부 본문 검증 아님.","attachment_and_rules_review","extension_next_batch","수집 대상 후보 등록이며 검색 승인 아님. 부모 게시글은 2015-02-11 작성으로 현행 서식 여부 재확인 필요. 첨부 확보 후 내용 중복·표·조건 검토. index_approved=false 유지.","여수광양항만공사","ko","https://www.ygpa.or.kr/hmpg/ygpa/mwse/onmw/mwfm/bordContDetail.do?mode=W&bbs_no=211&pst_no=BBS_211_000000000000000000000014","2015-02-11","hwp","탐색-12"
"YGPA-026","안전작업 계획서 표준양식","https://www.ygpa.or.kr/hmpg/comm/file/fileDownLoad.do?file_no=FILE_000000000016984","","","unverified_attachment","부모 게시글 작성일 2021-06-01만 확인. 첨부 자체의 발행·개정일은 미검증이며 게시글 날짜를 대입하지 않음.","시설 사용 신청의 구비서류","항만시설 사용 신청에 관련된 안전작업 계획서 양식이 있나요?","민원서식자료실 게시글의 첨부파일","확인한 첨부 URL만 GET 수집; 파일 시그니처로 HWP 확인 후 HWP 전용 추출·표 대조","작업 종류·장소·기간·위험요인·안전대책의 표 관계를 보존. 첨부돼 있다는 이유만으로 모든 신청자의 의무서류라고 단정하지 않음.","attachment_link_verified","부모 게시글 상세 HTML에서 첨부 파일명·직접 링크 확인. 첨부 GET 다운로드·본문은 아직 미검증.","2026-09-27","1단계 탐색 보고서의 공식 부모 페이지 및 첨부 링크 확인 기록. 첨부 본문 검증 아님.","attachment_and_rules_review","extension_first_batch","수집 대상 후보 등록이며 검색 승인 아님. 부모 게시글은 2021-06-01 작성으로 현행 서식 여부 재확인 필요. 첨부 확보 후 내용 중복·표·조건 검토. index_approved=false 유지.","여수광양항만공사","ko","https://www.ygpa.or.kr/hmpg/ygpa/mwse/onmw/mwfm/bordContDetail.do?mode=W&bbs_no=211&pst_no=BBS_211_000000000000000000000013","2021-06-01","hwp","탐색-13"
"YGPA-027","항만시설사용신청서양식(202106)","https://www.ygpa.or.kr/hmpg/comm/file/fileDownLoad.do?file_no=FILE_000000000020296","","","unverified_attachment","부모 게시글 작성일 2021-06-01만 확인. 첨부 자체의 발행·개정일은 미검증이며 게시글 날짜를 대입하지 않음.","시설 사용·출입 신청","항만시설 일반사용 신청에는 어떤 양식을 사용하나요?","민원서식자료실 게시글의 첨부파일","확인한 첨부 URL만 GET 수집; 파일 시그니처로 HWP 확인 후 HWP 전용 추출·표 대조","사용 대상·장소·기간·목적·신청과 승낙 항목을 구별. 최초·연장 작성 예시와 섞지 않고 첨부 조건을 함께 보존.","attachment_link_verified","부모 게시글 상세 HTML에서 첨부 파일명·직접 링크 확인. 첨부 GET 다운로드·본문은 아직 미검증.","2026-09-27","1단계 탐색 보고서의 공식 부모 페이지 및 첨부 링크 확인 기록. 첨부 본문 검증 아님.","attachment_and_rules_review","extension_first_batch","수집 대상 후보 등록이며 검색 승인 아님. 부모 게시글은 2021-06-01 작성으로 현행 서식 여부 재확인 필요. 첨부 확보 후 내용 중복·표·조건 검토. index_approved=false 유지.","여수광양항만공사","ko","https://www.ygpa.or.kr/hmpg/ygpa/mwse/onmw/mwfm/bordContDetail.do?mode=W&bbs_no=211&pst_no=BBS_211_000000000000000000000013","2021-06-01","hwp","탐색-14"
"YGPA-028","통과선박 인정 신청서","https://www.ygpa.or.kr/hmpg/comm/file/fileDownLoad.do?file_no=FILE_000000000012170","","","unverified_attachment","부모 게시글 작성일 2015-01-23만 확인. 첨부 자체의 발행·개정일은 미검증이며 게시글 날짜를 대입하지 않음.","선박 신고·통과 신청","통과선박 인정을 신청할 때 사용하는 서식은 무엇인가요?","민원서식자료실 게시글의 첨부파일","확인한 첨부 URL만 GET 수집; 파일 시그니처로 HWP 확인 후 HWP 전용 추출·표 대조","선박 식별·입출항·신청 사유를 관련 조건과 함께 보존. 통과선박 운영 지침과 연결하고 서식명만으로 인정 기준을 추정하지 않음.","attachment_link_verified","부모 게시글 상세 HTML에서 첨부 파일명·직접 링크 확인. 첨부 GET 다운로드·본문은 아직 미검증.","2026-09-27","1단계 탐색 보고서의 공식 부모 페이지 및 첨부 링크 확인 기록. 첨부 본문 검증 아님.","attachment_and_rules_review","extension_next_batch","수집 대상 후보 등록이며 검색 승인 아님. 부모 게시글은 2015-01-23 작성으로 현행 서식 여부 재확인 필요. 첨부 확보 후 내용 중복·표·조건 검토. index_approved=false 유지.","여수광양항만공사","ko","https://www.ygpa.or.kr/hmpg/ygpa/mwse/onmw/mwfm/bordContDetail.do?mode=W&bbs_no=211&pst_no=BBS_211_000000000000000000000012","2015-01-23","hwp","탐색-15"
"YGPA-029","선박제원신고서","https://www.ygpa.or.kr/hmpg/comm/file/fileDownLoad.do?file_no=FILE_000000000012489","","","unverified_attachment","부모 게시글 작성일 2015-01-23만 확인. 첨부 자체의 발행·개정일은 미검증이며 게시글 날짜를 대입하지 않음.","선박 신고·통과 신청","선박제원을 신규 등록하거나 변경할 때 어떤 서식을 사용하나요?","민원서식자료실 게시글의 첨부파일","확인한 첨부 URL만 GET 수집; 파일 시그니처로 HWP 확인 후 HWP 전용 추출·표 대조","신규·변경 구분과 제원별 단위·식별 항목을 보존. 작성 예시의 수치를 일반 기준으로 사용하지 않음.","attachment_link_verified","부모 게시글 상세 HTML에서 첨부 파일명·직접 링크 확인. 첨부 GET 다운로드·본문은 아직 미검증.","2026-09-27","1단계 탐색 보고서의 공식 부모 페이지 및 첨부 링크 확인 기록. 첨부 본문 검증 아님.","attachment_and_rules_review","extension_next_batch","수집 대상 후보 등록이며 검색 승인 아님. 부모 게시글은 2015-01-23 작성으로 현행 서식 여부 재확인 필요. 첨부 확보 후 내용 중복·표·조건 검토. index_approved=false 유지.","여수광양항만공사","ko","https://www.ygpa.or.kr/hmpg/ygpa/mwse/onmw/mwfm/bordContDetail.do?mode=W&bbs_no=211&pst_no=BBS_211_000000000000000000000011","2015-01-23","hwp","탐색-16"
"YGPA-030","여수항ㆍ광양항 통과선박 운영 지침","https://www.ygpa.or.kr/hmpg/comm/file/fileDownLoad.do?file_no=A062229EEE864AC3BFCFABBBC007787D","","","unverified_attachment","첨부 자체 발행·개정일 미검증. 안내 페이지 갱신일이나 수집 시각으로 대체하지 않음.","통과선박 인정 조건","통과선박 인정과 운영에 관한 지침은 어디에서 확인하나요?","항만시설 이용규정 안내의 해당 규정 다운로드 항목","확인한 첨부 URL만 GET 수집; Content-Type·파일 시그니처·실제 파일명 확인 후 형식별 추출","조문·별표·예외·부칙·시행일을 연결. 통과선박 인정 신청서의 항목과 규정의 기준을 구별.","attachment_link_verified","공식 안내 HTML에서 연결 확인. HEAD 응답 405로 헤더 확인 불가. GET 다운로드 실패로 단정하지 않음. 실제 파일명·형식·본문은 미검증.","2026-09-27","1단계 탐색 보고서의 공식 부모 페이지 및 첨부 링크 확인 기록. 첨부 본문 검증 아님.","attachment_and_rules_review","extension_first_batch","수집 대상 후보 등록이며 검색 승인 아님. 첨부 개정일·시행일 확인 필요. 첨부 확보 후 내용 중복·표·조건 검토. index_approved=false 유지.","여수광양항만공사","ko","https://www.ygpa.or.kr/hmpg/ygpa/mwse/pmis/pmpr/pm02/contPageDetail.do?conts_no=FA24945B1B3A4045B67E6AA40EC59600","","unknown","탐색-17"
"YGPA-031","여수광양항만공사 항만시설 운영규정","https://www.ygpa.or.kr/hmpg/comm/file/fileDownLoad.do?file_no=CAE1651DFFDD4BA2917B8B5C44A50F2B","","","unverified_attachment","첨부 자체 발행·개정일 미검증. 안내 페이지 갱신일이나 수집 시각으로 대체하지 않음.","항만시설 운영·이용","항만시설 운영과 이용에 적용되는 규정은 무엇인가요?","항만시설 이용규정 안내의 해당 규정 다운로드 항목","확인한 첨부 URL만 GET 수집; Content-Type·파일 시그니처·실제 파일명 확인 후 형식별 추출","조문 번호·정의·적용 시설·운영 조건·별표를 함께 유지. 개정 이력과 시행일 확인 후 현행 적용 여부 판단.","attachment_link_verified","공식 안내 HTML에서 연결 확인. HEAD 응답 405로 헤더 확인 불가. GET 다운로드 실패로 단정하지 않음. 실제 파일명·형식·본문은 미검증.","2026-09-27","1단계 탐색 보고서의 공식 부모 페이지 및 첨부 링크 확인 기록. 첨부 본문 검증 아님.","attachment_and_rules_review","extension_first_batch","수집 대상 후보 등록이며 검색 승인 아님. 첨부 개정일·시행일 확인 필요. 첨부 확보 후 내용 중복·표·조건 검토. index_approved=false 유지.","여수광양항만공사","ko","https://www.ygpa.or.kr/hmpg/ygpa/mwse/pmis/pmpr/pm02/contPageDetail.do?conts_no=FA24945B1B3A4045B67E6AA40EC59600","","unknown","탐색-18"
"YGPA-032","여수광양항만공사의 항만시설 사용 및 사용료 등에 관한 규정","https://www.ygpa.or.kr/hmpg/comm/file/fileDownLoad.do?file_no=C9B71D7B02744D889FAA190B7D853186","","","unverified_attachment","첨부 자체 발행·개정일 미검증. 안내 페이지 갱신일이나 수집 시각으로 대체하지 않음.","시설 사용·사용료·감면","항만시설 사용료와 감면 기준은 어떤 규정에서 확인하나요?","항만시설 이용규정 안내의 해당 규정 다운로드 항목","확인한 첨부 URL만 GET 수집; Content-Type·파일 시그니처·실제 파일명 확인 후 형식별 추출","요금 항목·대상·단위·기간·감면 조건과 예외를 표 머리글·주석과 함께 보존. 구판 사용료를 현행 요금으로 자동 승인하지 않음.","attachment_link_verified","공식 안내 HTML에서 연결 확인. HEAD 응답 405로 헤더 확인 불가. GET 다운로드 실패로 단정하지 않음. 실제 파일명·형식·본문은 미검증.","2026-09-27","1단계 탐색 보고서의 공식 부모 페이지 및 첨부 링크 확인 기록. 첨부 본문 검증 아님.","attachment_and_rules_review","extension_first_batch","수집 대상 후보 등록이며 검색 승인 아님. 첨부 개정일·시행일 확인 필요. 첨부 확보 후 내용 중복·표·조건 검토. index_approved=false 유지.","여수광양항만공사","ko","https://www.ygpa.or.kr/hmpg/ygpa/mwse/pmis/pmpr/pm02/contPageDetail.do?conts_no=FA24945B1B3A4045B67E6AA40EC59600","","unknown","탐색-19"
"YGPA-033","체육시설 이용 신청서(안내 문구 기준 가칭)","https://www.ygpa.or.kr/hmpg/comm/file/fileDownLoad.do?file_no=0D4AC8D2035D43F98897C1A1755F8EEC","","","unverified_attachment","첨부 자체 발행·개정일 미검증. 안내 페이지 갱신일이나 수집 시각으로 대체하지 않음.","체육시설 사용 신청","체육시설 사용 신청서는 어디에서 받을 수 있나요?","YGPA-005 체육시설 소개의 첨부파일 버튼","확인한 첨부 URL만 GET 수집; Content-Type·파일 시그니처·실제 파일명 확인 후 형식별 추출","실제 파일 제목·시설 구분·이용시간·서명·동의·구비서류를 확인 후 추출. 예약 가능 현황과 정적 서식의 내용을 구분.","attachment_link_verified","2026-09-23 저장한 YGPA-005 원본에서 연결 확인. HEAD 응답 405로 헤더 확인 불가. GET 다운로드 실패로 단정하지 않음. 실제 파일명·형식·본문은 미검증.","2026-09-27","1단계 탐색 보고서의 공식 부모 페이지 및 첨부 링크 확인 기록. 첨부 본문 검증 아님.","attachment_and_rules_review","extension_first_batch","수집 대상 후보 등록이며 검색 승인 아님. 첨부 개정일·시행일 확인 필요. 문서 제목은 안내 문구 기준 가칭. 첨부 확보 후 내용 중복·표·조건 검토. index_approved=false 유지.","여수광양항만공사","ko","https://www.ygpa.or.kr/hmpg/ygpa/comu/resv/faci/contPageDetail.do?conts_no=553FFE81A6344CD4987BD450219FDFF8","","unknown","탐색-21"
